https://hh.ru/search/vacancy?text=%D0%BC%D0%B5%D0%BD%D0%B5%D0%B4%D0%B6%D0%B5%D1%80+%D0%BF%D0%BE+%D0%BF%D1%80%D0%BE%D0%B4%D0%B0%D0%B6%D0%B0%D0%BC&area=113&industry=15&schedule=remote&search_field=description&search_field=company_name&search_field=name,Автомобильный бизнес
https://hh.ru/search/vacancy?text=%D0%BC%D0%B5%D0%BD%D0%B5%D0%B4%D0%B6%D0%B5%D1%80+%D0%BF%D0%BE+%D0%BF%D1%80%D0%BE%D0%B4%D0%B0%D0%B6%D0%B0%D0%BC&area=113&industry=50&schedule=remote&search_field=description&search_field=company_name&search_field=name,Гостиницы и рестораны
https://hh.ru/search/vacancy?text=%D0%BC%D0%B5%D0%BD%D0%B5%D0%B4%D0%B6%D0%B5%D1%80+%D0%BF%D0%BE+%D0%BF%D1%80%D0%BE%D0%B4%D0%B0%D0%B6%D0%B0%D0%BC&area=113&industry=36&schedule=remote&search_field=description&search_field=company_name&search_field=name,Государственные организации
https://hh.ru/search/vacancy?text=%D0%BC%D0%B5%D0%BD%D0%B5%D0%B4%D0%B6%D0%B5%D1%80+%D0%BF%D0%BE+%D0%BF%D1%80%D0%BE%D0%B4%D0%B0%D0%B6%D0%B0%D0%BC&area=113&industry=45&schedule=remote&search_field=description&search_field=company_name&search_field=name,Добывающая отрасль
https://hh.ru/search/vacancy?text=%D0%BC%D0%B5%D0%BD%D0%B5%D0%B4%D0%B6%D0%B5%D1%80+%D0%BF%D0%BE+%D0%BF%D1%80%D0%BE%D0%B4%D0%B0%D0%B6%D0%B0%D0%BC&area=113&industry=51&schedule=remote&search_field=description&search_field=company_name&search_field=name,ЖКХ
https://hh.ru/search/vacancy?text=%D0%BC%D0%B5%D0%BD%D0%B5%D0%B4%D0%B6%D0%B5%D1%80+%D0%BF%D0%BE+%D0%BF%D1%80%D0%BE%D0%B4%D0%B0%D0%B6%D0%B0%D0%BC&area=113&industry=7.538&schedule=remote&search_field=description&search_field=company_name&search_field=name,Интернет провайдер
https://hh.ru/search/vacancy?text=%D0%BC%D0%B5%D0%BD%D0%B5%D0%B4%D0%B6%D0%B5%D1%80+%D0%BF%D0%BE+%D0%BF%D1%80%D0%BE%D0%B4%D0%B0%D0%B6%D0%B0%D0%BC&area=113&industry=7.540&schedule=remote&search_field=description&search_field=company_name&search_field=name,Разработка программного обеспечения
https://hh.ru/search/vacancy?text=%D0%BC%D0%B5%D0%BD%D0%B5%D0%B4%D0%B6%D0%B5%D1%80+%D0%BF%D0%BE+%D0%BF%D1%80%D0%BE%D0%B4%D0%B0%D0%B6%D0%B0%D0%BC&area=113&industry=7.539&schedule=remote&search_field=description&search_field=company_name&search_field=name,Системная интеграция автоматизации технологических и бизнес-процессов предприятия
https://hh.ru/search/vacancy?text=%D0%BC%D0%B5%D0%BD%D0%B5%D0%B4%D0%B6%D0%B5%D1%80+%D0%BF%D0%BE+%D0%BF%D1%80%D0%BE%D0%B4%D0%B0%D0%B6%D0%B0%D0%BC&area=113&industry=52&schedule=remote&search_field=description&search_field=company_name&search_field=name,Искусство
https://hh.ru/search/vacancy?text=%D0%BC%D0%B5%D0%BD%D0%B5%D0%B4%D0%B6%D0%B5%D1%80+%D0%BF%D0%BE+%D0%BF%D1%80%D0%BE%D0%B4%D0%B0%D0%B6%D0%B0%D0%BC&area=113&industry=19&schedule=remote&search_field=description&search_field=company_name&search_field=name,Лесная промышленность
https://hh.ru/search/vacancy?text=%D0%BC%D0%B5%D0%BD%D0%B5%D0%B4%D0%B6%D0%B5%D1%80+%D0%BF%D0%BE+%D0%BF%D1%80%D0%BE%D0%B4%D0%B0%D0%B6%D0%B0%D0%BC&area=113&industry=48&schedule=remote&search_field=description&search_field=company_name&search_field=name,Медицина
https://hh.ru/search/vacancy?text=%D0%BC%D0%B5%D0%BD%D0%B5%D0%B4%D0%B6%D0%B5%D1%80+%D0%BF%D0%BE+%D0%BF%D1%80%D0%BE%D0%B4%D0%B0%D0%B6%D0%B0%D0%BC&area=113&industry=24&schedule=remote&search_field=description&search_field=company_name&search_field=name,Металлургия
https://hh.ru/search/vacancy?text=%D0%BC%D0%B5%D0%BD%D0%B5%D0%B4%D0%B6%D0%B5%D1%80+%D0%BF%D0%BE+%D0%BF%D1%80%D0%BE%D0%B4%D0%B0%D0%B6%D0%B0%D0%BC&area=113&industry=47&schedule=remote&search_field=description&search_field=company_name&search_field=name,Нефть и газ
https://hh.ru/search/vacancy?text=%D0%BC%D0%B5%D0%BD%D0%B5%D0%B4%D0%B6%D0%B5%D1%80+%D0%BF%D0%BE+%D0%BF%D1%80%D0%BE%D0%B4%D0%B0%D0%B6%D0%B0%D0%BC&area=113&industry=39&schedule=remote&search_field=description&search_field=company_name&search_field=name,Образовательные учреждения
https://hh.ru/search/vacancy?text=%D0%BC%D0%B5%D0%BD%D0%B5%D0%B4%D0%B6%D0%B5%D1%80+%D0%BF%D0%BE+%D0%BF%D1%80%D0%BE%D0%B4%D0%B0%D0%B6%D0%B0%D0%BC&area=113&industry=37&schedule=remote&search_field=description&search_field=company_name&search_field=name,Общественная деятельность
https://hh.ru/search/vacancy?text=%D0%BC%D0%B5%D0%BD%D0%B5%D0%B4%D0%B6%D0%B5%D1%80+%D0%BF%D0%BE+%D0%BF%D1%80%D0%BE%D0%B4%D0%B0%D0%B6%D0%B0%D0%BC&area=113&industry=5&schedule=remote&search_field=description&search_field=company_name&search_field=name,Перевозки и логистика
https://hh.ru/search/vacancy?text=%D0%BC%D0%B5%D0%BD%D0%B5%D0%B4%D0%B6%D0%B5%D1%80+%D0%BF%D0%BE+%D0%BF%D1%80%D0%BE%D0%B4%D0%B0%D0%B6%D0%B0%D0%BC&area=113&industry=27&schedule=remote&search_field=description&search_field=company_name&search_field=name,Продукты питания
https://hh.ru/search/vacancy?text=%D0%BC%D0%B5%D0%BD%D0%B5%D0%B4%D0%B6%D0%B5%D1%80+%D0%BF%D0%BE+%D0%BF%D1%80%D0%BE%D0%B4%D0%B0%D0%B6%D0%B0%D0%BC&area=113&industry=388&schedule=remote&search_field=description&search_field=company_name&search_field=name,Промышленное оборудование
https://hh.ru/search/vacancy?text=%D0%BC%D0%B5%D0%BD%D0%B5%D0%B4%D0%B6%D0%B5%D1%80+%D0%BF%D0%BE+%D0%BF%D1%80%D0%BE%D0%B4%D0%B0%D0%B6%D0%B0%D0%BC&area=113&industry=41&schedule=remote&search_field=description&search_field=company_name&search_field=name,Розничная торговля
https://hh.ru/search/vacancy?text=%D0%BC%D0%B5%D0%BD%D0%B5%D0%B4%D0%B6%D0%B5%D1%80+%D0%BF%D0%BE+%D0%BF%D1%80%D0%BE%D0%B4%D0%B0%D0%B6%D0%B0%D0%BC&area=113&industry=11&schedule=remote&search_field=description&search_field=company_name&search_field=name,Сми и маркетинг
https://hh.ru/search/vacancy?text=%D0%BC%D0%B5%D0%BD%D0%B5%D0%B4%D0%B6%D0%B5%D1%80+%D0%BF%D0%BE+%D0%BF%D1%80%D0%BE%D0%B4%D0%B0%D0%B6%D0%B0%D0%BC&area=113&industry=29&schedule=remote&search_field=description&search_field=company_name&search_field=name,Сельськое хозяйство
https://hh.ru/search/vacancy?text=%D0%BC%D0%B5%D0%BD%D0%B5%D0%B4%D0%B6%D0%B5%D1%80+%D0%BF%D0%BE+%D0%BF%D1%80%D0%BE%D0%B4%D0%B0%D0%B6%D0%B0%D0%BC&area=113&industry=13&schedule=remote&search_field=description&search_field=company_name&search_field=name,Строительство
https://hh.ru/search/vacancy?text=%D0%BC%D0%B5%D0%BD%D0%B5%D0%B4%D0%B6%D0%B5%D1%80+%D0%BF%D0%BE+%D0%BF%D1%80%D0%BE%D0%B4%D0%B0%D0%B6%D0%B0%D0%BC&area=113&industry=9&schedule=remote&search_field=description&search_field=company_name&search_field=name,Телекоммуникация
https://hh.ru/search/vacancy?text=%D0%BC%D0%B5%D0%BD%D0%B5%D0%B4%D0%B6%D0%B5%D1%80+%D0%BF%D0%BE+%D0%BF%D1%80%D0%BE%D0%B4%D0%B0%D0%B6%D0%B0%D0%BC&area=113&industry=42&schedule=remote&search_field=description&search_field=company_name&search_field=name,Товары народного потребления
https://hh.ru/search/vacancy?text=%D0%BC%D0%B5%D0%BD%D0%B5%D0%B4%D0%B6%D0%B5%D1%80+%D0%BF%D0%BE+%D0%BF%D1%80%D0%BE%D0%B4%D0%B0%D0%B6%D0%B0%D0%BC&area=113&industry=33&schedule=remote&search_field=description&search_field=company_name&search_field=name,Тяжелое машиностроение
https://hh.ru/search/vacancy?text=%D0%BC%D0%B5%D0%BD%D0%B5%D0%B4%D0%B6%D0%B5%D1%80+%D0%BF%D0%BE+%D0%BF%D1%80%D0%BE%D0%B4%D0%B0%D0%B6%D0%B0%D0%BC&area=113&industry=389&schedule=remote&search_field=description&search_field=company_name&search_field=name,Управление многопрофильными активами
https://hh.ru/search/vacancy?text=%D0%BC%D0%B5%D0%BD%D0%B5%D0%B4%D0%B6%D0%B5%D1%80+%D0%BF%D0%BE+%D0%BF%D1%80%D0%BE%D0%B4%D0%B0%D0%B6%D0%B0%D0%BC&area=113&industry=44&schedule=remote&search_field=description&search_field=company_name&search_field=name,Услуги для бизнеса
https://hh.ru/search/vacancy?text=%D0%BC%D0%B5%D0%BD%D0%B5%D0%B4%D0%B6%D0%B5%D1%80+%D0%BF%D0%BE+%D0%BF%D1%80%D0%BE%D0%B4%D0%B0%D0%B6%D0%B0%D0%BC&area=113&industry=49&schedule=remote&search_field=description&search_field=company_name&search_field=name,Услуги для населения
https://hh.ru/search/vacancy?text=%D0%BC%D0%B5%D0%BD%D0%B5%D0%B4%D0%B6%D0%B5%D1%80+%D0%BF%D0%BE+%D0%BF%D1%80%D0%BE%D0%B4%D0%B0%D0%B6%D0%B0%D0%BC&area=113&industry=43&schedule=remote&search_field=description&search_field=company_name&search_field=name,Финансовый сектор
https://hh.ru/search/vacancy?text=%D0%BC%D0%B5%D0%BD%D0%B5%D0%B4%D0%B6%D0%B5%D1%80+%D0%BF%D0%BE+%D0%BF%D1%80%D0%BE%D0%B4%D0%B0%D0%B6%D0%B0%D0%BC&area=113&industry=34&schedule=remote&search_field=description&search_field=company_name&search_field=name,Химическое производство
https://hh.ru/search/vacancy?text=%D0%BC%D0%B5%D0%BD%D0%B5%D0%B4%D0%B6%D0%B5%D1%80+%D0%BF%D0%BE+%D0%BF%D1%80%D0%BE%D0%B4%D0%B0%D0%B6%D0%B0%D0%BC&area=113&industry=8&schedule=remote&search_field=description&search_field=company_name&search_field=name,Электроника
https://hh.ru/search/vacancy?text=%D0%BC%D0%B5%D0%BD%D0%B5%D0%B4%D0%B6%D0%B5%D1%80+%D0%BF%D0%BE+%D0%BF%D1%80%D0%BE%D0%B4%D0%B0%D0%B6%D0%B0%D0%BC&area=113&industry=46&schedule=remote&search_field=description&search_field=company_name&search_field=name,Энергетика
https://hh.ru/search/vacancy?text=%D0%BC%D0%B5%D0%BD%D0%B5%D0%B4%D0%B6%D0%B5%D1%80+%D0%BF%D0%BE+%D0%BF%D1%80%D0%BE%D0%B4%D0%B0%D0%B6%D0%B0%D0%BC&area=99&area=1806&area=1414&area=1384&area=1500&area=1652&area=1975&area=1368&area=1614&area=1646&area=1905&area=1783&area=1255&area=1913&area=1342&area=1481&area=1103&industry=7.541&schedule=remote&search_field=description&search_field=company_name&search_field=name,Информационные технологии
https://hh.ru/search/vacancy?text=%D0%BC%D0%B5%D0%BD%D0%B5%D0%B4%D0%B6%D0%B5%D1%80+%D0%BF%D0%BE+%D0%BF%D1%80%D0%BE%D0%B4%D0%B0%D0%B6%D0%B0%D0%BC&area=1261&area=1960&area=1596&area=2&area=1586&area=1704&area=1530&area=1187&area=1169&industry=7.541&schedule=remote&search_field=description&search_field=company_name&search_field=name,Информационные технологии
https://hh.ru/search/vacancy?text=%D0%BC%D0%B5%D0%BD%D0%B5%D0%B4%D0%B6%D0%B5%D1%80+%D0%BF%D0%BE+%D0%BF%D1%80%D0%BE%D0%B4%D0%B0%D0%B6%D0%B0%D0%BC&area=1624&area=1475&area=1174&area=1556&area=2114&area=1041&area=1077&area=1620&area=1553&area=1434&area=1424&area=1118&area=1347&area=1216&area=1422&area=1090&area=1948&area=1317&area=1575&industry=7.541&schedule=remote&search_field=description&search_field=company_name&search_field=name,Информационные технологии
https://hh.ru/search/vacancy?text=%D0%BC%D0%B5%D0%BD%D0%B5%D0%B4%D0%B6%D0%B5%D1%80+%D0%BF%D0%BE+%D0%BF%D1%80%D0%BE%D0%B4%D0%B0%D0%B6%D0%B0%D0%BC&area=1898&area=1563&area=1249&area=1202&area=1051&area=1679&area=1946&area=1&area=2019&area=1061&area=1890&area=145&industry=7.541&schedule=remote&search_field=description&search_field=company_name&search_field=name,Информационные технологии
https://hh.ru/search/vacancy?text=%D0%BC%D0%B5%D0%BD%D0%B5%D0%B4%D0%B6%D0%B5%D1%80+%D0%BF%D0%BE+%D0%BF%D1%80%D0%BE%D0%B4%D0%B0%D0%B6%D0%B0%D0%BC&area=1880&area=1308&area=1146&area=1438&area=1771&area=1661&area=1229&area=1471&area=1943&area=1859&area=1020&area=1463&area=1124&area=1754&area=1192&area=1941&area=1844&industry=7.541&schedule=remote&search_field=description&search_field=company_name&search_field=name,Информационные технологии
https://hh.ru/search/vacancy?text=%D0%BC%D0%B5%D0%BD%D0%B5%D0%B4%D0%B6%D0%B5%D1%80+%D0%BF%D0%BE+%D0%BF%D1%80%D0%BE%D0%B4%D0%B0%D0%B6%D0%B0%D0%BC&area=1739&area=1511&area=1716&area=1828&area=1817&area=1505&area=1008&area=1932&area=1217&industry=7.541&schedule=remote&search_field=description&search_field=company_name&search_field=name,Информационные технологии
https://hh.ru/search/vacancy?text=%D0%BC%D0%B5%D0%BD%D0%B5%D0%B4%D0%B6%D0%B5%D1%80+%D0%BF%D0%BE+%D0%BF%D1%80%D0%BE%D0%B4%D0%B0%D0%B6%D0%B0%D0%BC&area=1090&area=1948&area=1317&area=1575&industry=7.541&schedule=remote&search_field=description&search_field=company_name&search_field=name,Информационные технологии